{"assets/ca/lets-encrypt-r3.pem":["assets/ca/lets-encrypt-r3.pem"],"assets/fonts/District.ttf":["assets/fonts/District.ttf"],"assets/fonts/JetBrains Mono Regular.ttf":["assets/fonts/JetBrains Mono Regular.ttf"],"assets/google.svg":["assets/google.svg"],"assets/google_fonts/OpenSans-BoldItalic.ttf":["assets/google_fonts/OpenSans-BoldItalic.ttf"],"assets/google_fonts/OpenSans-ExtraBold.ttf":["assets/google_fonts/OpenSans-ExtraBold.ttf"],"assets/google_fonts/OpenSans-ExtraBoldItalic.ttf":["assets/google_fonts/OpenSans-ExtraBoldItalic.ttf"],"assets/google_fonts/OpenSans-Italic.ttf":["assets/google_fonts/OpenSans-Italic.ttf"],"assets/google_fonts/OpenSans-Light.ttf":["assets/google_fonts/OpenSans-Light.ttf"],"assets/google_fonts/OpenSans-LightItalic.ttf":["assets/google_fonts/OpenSans-LightItalic.ttf"],"assets/google_fonts/OpenSans-Medium.ttf":["assets/google_fonts/OpenSans-Medium.ttf"],"assets/google_fonts/OpenSans-MediumItalic.ttf":["assets/google_fonts/OpenSans-MediumItalic.ttf"],"assets/google_fonts/OpenSans-Regular.ttf":["assets/google_fonts/OpenSans-Regular.ttf"],"assets/google_fonts/OpenSans-SemiBold.ttf":["assets/google_fonts/OpenSans-SemiBold.ttf"],"assets/google_fonts/OpenSans-SemiBoldItalic.ttf":["assets/google_fonts/OpenSans-SemiBoldItalic.ttf"],"assets/sound.mp3":["assets/sound.mp3"],"packages/cupertino_icons/assets/CupertinoIcons.ttf":["packages/cupertino_icons/assets/CupertinoIcons.ttf"],"packages/font_awesome_flutter/lib/fonts/fa-brands-400.ttf":["packages/font_awesome_flutter/lib/fonts/fa-brands-400.ttf"],"packages/font_awesome_flutter/lib/fonts/fa-regular-400.ttf":["packages/font_awesome_flutter/lib/fonts/fa-regular-400.ttf"],"packages/font_awesome_flutter/lib/fonts/fa-solid-900.ttf":["packages/font_awesome_flutter/lib/fonts/fa-solid-900.ttf"]}